region,farming_type,n,d13C_mean,d13C_sd,d15N_mean,d15N_sd
Almeria,Organic,12,-28.72427015941334,0.836792485057269,4.541949775,0.4377463634112029
Bavaria,Conventional,15,-30.84028623599467,1.4749136801021772,0.15741496666666668,0.809255190325792
Bavaria,Organic,16,-29.278518560758755,1.0487151614527408,6.2655646,2.051064493406398
Souss-Massa,Conventional,9,-29.622587179617785,0.38400258747322163,-0.21055964444444442,0.8478782829747147
