term,df,sumsq,meansq,statistic,p.value,isotope
region,2,17.546351789356578,8.773175894678289,7.480928095729807,0.0014856932268788015,δ13C
farming_type,1,15.740758548415688,15.740758548415688,13.422218394637593,6.198885257688247e-4,δ13C
Residuals,48,56.291470464063586,1.1727389680013247,NA,NA,δ13C
region,2,95.38898632430096,47.69449316215048,42.566125797101755,2.328043267846728e-11,δ15N
farming_type,1,344.0742397151279,344.0742397151279,307.07753453765633,1.7032582473908976e-22,δ15N
Residuals,48,53.78304059654636,1.1204800124280492,NA,NA,δ15N
